Name,rbd,comp,antibody
7mmo,C,"A, B",LY-CoV1404
6xdg_regn10933,E,"B, D",REG10933
6xdg_regn10987,E,"A, C",REG10987
7kmg,C,"A, B",LY-CoV555
7f7e,E,"C, L",JS026
7cm4,A,"H, L",CT-P59
6wps,A,"H, L",S309
8d8q_2130,A,"H, L",COV2-2130
8d8q_2196,A,"B,C",COV2-2196
8gx9_1f11,E,"F, H",P2C-1F11
8gx9_1g5,A,"M, P",P2B-1G5
7k8z,A,"H, L",C135
7k90,B,"H, L",C144
7sbu,A,"H, L",J08
7u2d,A,"H, L",ADG20
7cwt,A,"D, E",HB27
7dk0,C,"A, B",MW05
7byr,B,"H, L",BD23
7b3o,E,"H, L",STE90-C11
7cjf,C,"A, B",P4A1
7akj,A,"H, L",47A11
7c01,A,"H, L",CB6
7ral,B,"H, L",S2X259
7c2l,A,"H, L",4A8
7rw2,A,"H, L",5-7
7l2e,A,"H, L",4-18
8d36,F,"H, L",COV44-62
8dao,J,"A, B",COV44-79
8d6z,H,"A, B",COV91-27
7ch4,R,"H, L",DXP-604
